Name,ReviewCount,Brand,ImageURL,Tags,Rating,Weighted Rating
"Pine-Sol All-Purpose Cleaner, Lemon, 144 oz, Bottle",9806.0,,https://i5.walmartimages.com/asr/cf14ba1d-834d-4eef-b73f-84a3d9d9131b_1.f9bd59fb5920e0918a092cd35859339e.jpeg | https://i5.walmartimages.com/asr/6248ba46-c8d5-4ef4-8020-1e748b63bd70_1.49e1b875e0b79a8c4190addaba26a115.jpeg | https://i5.walmartimages.com/asr/84a30666-e31f-4e81-a79d-b25ad7332729_1.2bc8866440eebf70e651e042452110b4.jpeg | https://i5.walmartimages.com/asr/b41195b6-07f4-45b3-8f1e-8e886a81a777_1.05dec63a04a6b07245a20abf84a098d4.jpeg | https://i5.walmartimages.com/asr/d1331432-e94c-4345-aee2-038824d22895_1.80c04456c8be184d839ed3aab3295b72.jpeg,"household, essentials, cleaning, supplies, cleaners, , purpose, cleaner, cleans, deodorize, surfaces, throughout, home, business, long, lasting, lemon, fresh, tough, grease, grime, fast",4.8,4.782195861649563
"Cascade Platinum ActionPacs, Dishwasher Detergent, Fresh Scent, 32 ct",5388.0,cascade,https://i5.walmartimages.com/asr/e42f8558-9bff-4752-8641-387b7012452e_1.cb6903d47fe8f54222bbfa2060bbd663.jpeg | https://i5.walmartimages.com/asr/3850da2b-7104-456c-855a-8b18ae94edb7_1.770353801c8d2ba6d2e667089c0ce548.jpeg | https://i5.walmartimages.com/asr/3b35dca8-beeb-4c85-ab86-bcfb99dbda4f_3.65ef5f19ad01c9f69bc77923a7a36ff0.jpeg | https://i5.walmartimages.com/asr/bd19bc86-384d-4e23-a9af-441e9929eff8_3.e112dd1cba5751939a424c789e358ae9.jpeg | https://i5.walmartimages.com/asr/843f5270-c27a-4057-b8e7-63a96dd3a940_3.c98ef9dcc1c6f19f4a05fac0859e33f4.jpeg | https://i5.walmartimages.com/asr/3eecbd89-bbd3-4db1-b068-997fc1c38eb4_1.550f468d4551d65895ddd5bfc8961e45.png | https://i5.walmartimages.com/asr/e9d67066-b730-489a-8e49-e45b4cef13d6_1.61c19c74740b464395c792fd6e95c942.jpeg | https://i5.walmartimages.com/asr/2c61d70c-77d0-4f8e-ac6e-ce70e6f08d16_1.4d6cf4f16ec5b938afa1991f7fa0e986.png | https://i5.walmartimages.com/asr/65b80409-144a-47cb-a006-7bcca855196f_2.60721717a5054505de3eda9e0fc3c337.jpeg | https://i5.walmartimages.com/asr/4a203726-b532-4232-8120-c0674f726a24_1.1987cd04569f583fcdf3694bd048ead7.jpeg | https://i5.walmartimages.com/asr/3e48885d-ba4d-4ae8-8ce2-68e314a98055_3.11ebcd1c04a490b88e756970173fd8ed.jpeg | https://i5.walmartimages.com/asr/ab81fe46-da2e-4bbc-92ac-0686329c78c0_1.34924345a66942ecba8babdeb104295b.png | https://i5.walmartimages.com/asr/74a79fd9-3b2c-4d73-85f7-bd6da61056ed_2.f84d229e1d45951209d68cb2e76a94ba.jpeg,"household, essentials, cleaning, supplies, dishwashing, dishwasher, detergent, cascade, cascade, platinum, actionpacs, dishwasher, detergent, cleans, messes, one, wash, needed, premium, tough, food, cleaning, powers, away, foods, rinse, aid, action, power, dawn, make, dishes, dazzle, plus, cascade, platinum, dishwashing, detergent, formulated, help, prevent, filming, keeping, machine, looking, fresh, clean, simply, pop, actionpac, reveal, platinum, sparkle, cascade, platinum, actionpacs, dishwasher, detergent, fresh, scent, 32, count, needed, cascade, platinum, dishwasher, detergent, removes, food, powerful, actionpac, unleashes, cleaning, agents, dissolve, food, lift, rinse, away, cascades, best, dishwashing, detergent, keep, silverware, dishwasher, sparkling, cascade, platinum, actionpacs, clean, food, well, skip, save, 15, gallons, water, per, dishwasher, load, dissolves, quickly, unleash, cleaning, power, early, cycle, formulated, power, dawn",4.8,4.767758439866012
"Gain Original 96 Loads, Liquid Laundry Detergent, 150 fl oz",3175.0,gain,https://i5.walmartimages.com/asr/30977d3c-c744-418f-97b0-cee8a37d69e1.61932251c6e72b41cfdeb5e111571b7d.jpeg | https://i5.walmartimages.com/asr/705a1546-9111-412f-a548-97304ed6ae3e.1eed2814a2ba9a3483b7bc8536e388cd.jpeg | https://i5.walmartimages.com/asr/6f3af4ec-d4c6-4565-a97f-80ab2e73bc4a.3ab8675bdc4eedc3b0a92446fd420724.jpeg | https://i5.walmartimages.com/asr/cc2cd4f7-1f52-49b8-8f73-154ddc75b364.96a223c4c5636c4127dc616caca2656a.jpeg | https://i5.walmartimages.com/asr/31b239d7-f9e6-48b0-ad4f-b3d78e0e8aba.28cacb0840e7acabcf65a9100fabeb88.jpeg | https://i5.walmartimages.com/asr/8d7d8185-147b-4527-ae4c-2966cae5fad5.11772c97ab0124d4f506d07c481a65d5.jpeg | https://i5.walmartimages.com/asr/4285863d-e5b3-4709-b1e3-33066a624757.efe2223e472043855e6c46c6e8c37b60.jpeg | https://i5.walmartimages.com/asr/52638d29-3ec3-4c8d-a91f-797dd5bad166.aecfef88f792e69d89b0046ddfa89e02.jpeg | https://i5.walmartimages.com/asr/421f82de-a747-485d-b0a5-f36adb0833f3.45aae40f922acb3253495a01df8f9fc3.jpeg | https://i5.walmartimages.com/asr/d06f73d9-3b95-470f-8d12-2a04c585aef8.799977ba724b4b373733eb662f02fec1.jpeg,"household, essentials, laundry, laundry, detergents, gain, good, gain, laundry, detergent, smell, loyal, users, called, gainiacs, nuff, said, youre, type, thinks, head, well, nose, youll, love, gain, laundry, detergent, works, regular, machines, detergent, lifts, away, dirt, locks, amazing, scent, keep, laundry, smelling, great, even, two, weeks, could, go, perfume, micro, capsules, gradually, break, release, scent, wear, clothes, youre, always, getting, bursts, ahhhhh, youve, probably, already, left, wash, laundry, gain, laundry, detergent, gain, liquid, laundry, detergent, original, scent, combines, overtones, orange, lemon, blossoms, modern, fruity, green, twist, undertones, white, floral, jasmine, hint, woody, amber, gain, original, 96, loads, liquid, laundry, detergent, 150, fl, oz, liquid, laundry, detergent, brilliant, cleaning, performance, leaves, behind, refreshing, gain, original, scent, smells, great, cleans, great, 6, weeks, freshness, wash, wear, freshness, 1, cap, gain, liquid, laundry, detergent, 1, bottle, leading, baking, soda, detergent, freshness, 1, large, dose, gain, 50, oz, bottle, leading, baking, soda, scent, regular, washer, compatible, like, household, detergent, keep, away, children",4.8,4.74570432578626
"Pine-Sol Multi-Surface Cleaner, Original, 144 oz Bottle",20997.0,clorox,https://i5.walmartimages.com/asr/3e98414e-3779-4ca7-a1a2-336d5e74e7df.2ac5386293241f3e4b1ef775d4e726c6.jpeg | https://i5.walmartimages.com/asr/f3ca25f3-8344-4035-8cbf-3422c7bf6886.34a33031a75e58730b9c6711d8851e07.jpeg | https://i5.walmartimages.com/asr/934f02b6-4b23-4a26-9408-3ad1345b28cd_1.4684af85a45b2522a5b831ddaaf8cdd1.jpeg | https://i5.walmartimages.com/asr/61b05307-db35-48bf-b97b-1016d2e518d3.3e38438911bcafd603d66d78cddb3339.jpeg | https://i5.walmartimages.com/asr/baf272ec-916f-4b4f-8f2b-477c5b12e913_1.20f7aab7cab0486e2ab484d0830c9d27.jpeg | https://i5.walmartimages.com/asr/b93b63c5-ccce-4900-a387-922d7c56912b.1f96b657a2a218d6ac3e3e281dc61b66.jpeg | https://i5.walmartimages.com/asr/265de893-33e2-40cb-8045-797c5a5d9574.61346637a30cdd3880e10d9669dc0dd5.jpeg | https://i5.walmartimages.com/asr/3f0ac7a5-620b-47cf-aceb-99b2b45d808d.de0fb4a91442942dd3274c9c925f2a9c.jpeg | https://i5.walmartimages.com/asr/c75e6866-f72e-4455-a6fa-52ade806934b.3e16ce0c546c432357e48dc169f14e0d.jpeg | https://i5.walmartimages.com/asr/83add72e-3790-4058-9e5c-f1d4d2c02ba7.70ffdab0311f8a1b107817ff4f8d7d0e.jpeg | https://i5.walmartimages.com/asr/1c594381-4683-4386-aa7f-890472df6642.672574c56d10b380499e0769f401b8f6.jpeg,"household, essentials, cleaning, supplies, cleaners, clorox, purpose, cleaner, need, one, cleaner, fight, dirt, grime, grease, epa, registered, disinfect, kill, 99, germs, surfaces, throughout, home, gives, 4x, cleaning, action, great, long, lasting, scent, deodorizes, wipes, odor, causing, bacteria, leaving, pleasant, pine, scent, concentrated, formula, cleaner, tackle, challenge, mix, purpose, cleaner, water, different, strengths, adjust, cleaning, power, time, unlike, premixed, cleaners, purpose, cleaner, safe, use, hard, surfaces, including, finished, hardwood, ceramic, tile, linoleum, plastic, leaves, sticky, residue, original, pine, also, used, freshen, laundry, power, side, clean, get, job, done, right, disinfectant, cleaner, ideal, solution, mess, makes, home, sparkle, smell, brand, new, cleaning, disinfecting, killing, 99, germs, penetrating, tough, stains, removing, odors, packaging, may, vary, safe, surface, concentrate, cleaner, penetrates, cleans, messes, wide, variety, hard, nonporous, surfaces, indoors, outdoors, safe, use, appliances, outdoor, furniture, bathroom, kitchen, freshen, laundry, concentrated, cleaner, purpose, cleaner, concentrated, household, disinfectant, cleaner, diluted, different, strengths, adjusting, cleaning, power, types, jobs, heavy, cleaning, light, touch, ups, scent, disinfect, deodorize, eliminate, odor, causing, bacteria, long, lasting, fresh, scent, cleaner, original, pine, dilutable, formula, tackle, job, cleaner, 1, dilutable, cleaner, based, iri, sales, data, dated, purpose, disinfecting, cleaner, powers, tough, dirt, grease, grime, stand, ideal, cleaner, every, household, needs, leave, floors, bathroom, home, sparkling, smelling, great",4.7,4.691944100962852
"Garnier Whole Blends Repairing Shampoo Honey Treasures, For Damaged Hair, 22 fl. oz.",13809.0,garnier,https://i5.walmartimages.com/asr/e30b8e1a-5538-4d8d-a8df-01f5333cd449.dd07c186054db64fb8db8cf4a69f8d26.jpeg | https://i5.walmartimages.com/asr/a219b936-fa53-4356-86a0-840dc9f5f89b.f7d71bf86a8fce0dea9a9d0804400bea.jpeg | https://i5.walmartimages.com/asr/a7940258-3e39-4279-b915-e2fad2515865.2b1f3097d866678e16357dcf0b982866.jpeg | https://i5.walmartimages.com/asr/4004fcd8-c2c4-44ee-83b0-71df7bdeec61.688657d3c0232e014ba0249d18d67b7d.jpeg | https://i5.walmartimages.com/asr/6e7f088f-6b27-4efa-8eeb-ca4363258302.8ed205a86204a903641a095943738707.jpeg | https://i5.walmartimages.com/asr/f2fccf5a-41d9-46a5-b267-bd562dd15a22.11c97d129f66f1870526c3d541ca58f7.jpeg | https://i5.walmartimages.com/asr/0d141c3c-ea19-4a6c-b6c2-d6a8a07aef20.cbb5c449c5774ba9113b24932427b13e.jpeg | https://i5.walmartimages.com/asr/0492cfd7-ff66-4901-8f5b-8cf3d5443d60_1.51a30507b3f8b5e432e96804bf98b934.jpeg | https://i5.walmartimages.com/asr/feec4900-a346-4a62-9f78-26554d9e0d7a.c80b0b64881d3f29fff7c170a3cf49d0.jpeg | https://i5.walmartimages.com/asr/29f22781-6a39-4d88-991d-f5b7a5940b52.789f9b3108c3fd6907ccf50639efa95f.jpeg,"beauty, hair, care, hair, care, brands, garnier, hair, care, garnier, creamy, lush, repairing, shampoo, damaged, hair, blooms, delicious, fragrance, royal, jelly, honey, propolis, bringing, life, wholesome, care, strengthens, hair, helps, prevent, split, ends, breakage, using, garnier, whole, blends, repairing, system, shampoo, conditioner, whole, blends, repairing, shampoo, strengthens, hair, prevents, split, ends, formula, blended, honey, known, replenish, propolis, royal, jelly, known, nourish, repair, gentle, enough, everyday, use, every, blend, theres, whole, blends, hair, care, blended, purpose",4.7,4.687768979577123
"Dixie Everyday Paper Snack or Dessert Plates, 7&quot, 50 Count",1446.0,dixie,https://i5.walmartimages.com/asr/f5cf70ac-0954-4b20-a201-e5a5f9e8e7d9_1.3b36affc6958576b563e09f3df5f445a.jpeg | https://i5.walmartimages.com/asr/bce8ab98-834d-408d-855b-b51691a90e02_1.5390e8fb4d70b04b272844503fd28125.jpeg | https://i5.walmartimages.com/asr/664bf734-a446-4d72-97a8-f14d5ca8425a_1.4264d74fdc1d4ff36206e2790cfafaaa.jpeg | https://i5.walmartimages.com/asr/afe9137c-8682-4be2-a616-e533e2b4b849_2.33292a82bd5b0039c4445f0a9f71d522.png | https://i5.walmartimages.com/asr/519eb0fd-5353-4a8b-8c1e-0561c74bd496_4.97529fe335908e85dfc5bfbd5eb9995e.png | https://i5.walmartimages.com/asr/1450cb10-c830-4a20-858f-353e5256d962_2.e825bb22cd8bd681e14acfcbd2f08ad6.jpeg | https://i5.walmartimages.com/asr/914713d7-c084-489c-b550-3a8ffbea4eb2_2.0f4db1c031ce06fbafd0639f4f8d9670.jpeg | https://i5.walmartimages.com/asr/63b7289e-a93a-44d1-823e-b457469cac5b_1.9d7856f2c6925d4f7b81d294bd0f4746.jpeg | https://i5.walmartimages.com/asr/717c21af-7388-4207-a255-f244d389155b_1.dd6e3318b52ba03c2298e6aab7bac50a.jpeg,"household, essentials, paper, plastic, disposable, tabletop, paper, plates, dixie, make, meals, easy, convenient, dixie, everyday, paper, plates, two, times, stronger, leading, comparable, store, brand, paper, plate, double, servings, dixie, paper, plates, shield, handle, anything, salad, dressing, burger, grease, theyre, microwavable, make, reheating, leftovers, breeze, perfect, everything, quick, snacks, family, friends, youll, love, disposable, plates, hand, dixie, products, offer, convenience, attractive, designs, affordable, price, dixie, everyday, disposable, dinner, plates, versatile, affordable, focus, day, dishes, spend, less, time, sink, time, table, dixie, everyday, paper, meals, easy, convenient, dixie, everyday, paper, plates, two, times, stronger, leading, comparable, store, brand, paper, plate, double, servings, dixie, paper, plates, shield, handle, anything, salad, dressing, burger, grease, theyre, microwavable, make, reheating, leftovers, breeze, perfect, everything, quick, snacks, family, friends, youll, love, disposable, plates, hand, dixie, products, offer, convenience, attractive, designs, affordable, price, dixie, everyday, disposable, dinner, plates, versatile, affordable, focus, day, dishes, spend, less, time, sink, time, table, dixie, everyday, paper, plates, 50, plates, per, pack, 7, quot, paper, plate, microwavable, soak, proof, shield, ideal, size, snacks, desserts",4.8,4.6833792
"essie nail polish, bahama mama, purple nail polish, 0.46 fl. oz.",4727.0,essie,https://i5.walmartimages.com/asr/1c5cca0f-e8dd-4cd6-9ced-bf736900b643_1.54b9b657cc8d24a9dd005050fbdda625.jpeg | https://i5.walmartimages.com/asr/81c0b1d8-b819-4817-8a1e-b36a2c13fab5_1.2d31c2c344d2719c53dfcea48e18b647.jpeg | https://i5.walmartimages.com/asr/5e229f33-d8c9-434b-92d6-5ebc9359170d_1.ccabbcd2d638317abf3aa6db3397c943.jpeg | https://i5.walmartimages.com/asr/d77e0959-1ded-4854-a6b1-9f59c51a23ea_1.9184b77e012edf2c17eb3a73ad6955db.jpeg | https://i5.walmartimages.com/asr/b532f7bb-cb0a-47de-a5ad-b52e1b899a2d_1.14951f0a39506bae554bd70e1eb5098c.jpeg | https://i5.walmartimages.com/asr/c46b5ab8-f32a-4f3e-9a58-04ca7d116294_1.03ea64443e30982d3b6de7e20564c01d.jpeg,"beauty, nail, care, nail, polish, nail, polish, essie, 35, years, essie, ultimate, color, authority, offering, line, superior, nail, polishes, trendsetting, shades, exclusive, award, winning, formula, always, classic, chic, sassy, elegant, essie, nail, polish, provides, flawless, streak, free, coverage, along, chip, resistant, formula, essie, nail, polishes, dbp, toluene, formaldehyde, flawless, coverage, outstanding, durability, glossy, shine, matte, finishes, available, comes, extensive, palette, shades, cult, favorite, ballet, slippers, new, trendsetting, colors, add, essie, compliment, look",4.7,4.664565234738107
"Johnsons CottonTouch Newborn Baby Wash & Shampoo, 13.6 fl. oz",1151.0,johnson,https://i5.walmartimages.com/asr/f8f635a0-fa1a-4cdd-ad8d-90ca0ac75fdd.a490b02cdfe07a63cd9a6546145b8ace.jpeg | https://i5.walmartimages.com/asr/5d65d36e-a33f-461d-bc2a-dac885a642e4_1.9ce7662ad39ab5c87d618e0f76e16936.png | https://i5.walmartimages.com/asr/2527fbac-ebff-4d28-814e-84e8edbc66fa_1.df8c7fe4a2cad7cd2dacf90be03d755a.png | https://i5.walmartimages.com/asr/52261799-0978-408a-85d5-1782d04dcbd9_1.849bf589a0260b73577879b46a3f4b2c.jpeg | https://i5.walmartimages.com/asr/4877942d-a387-4f4b-b4bb-b2c7760b4f5c_1.4140f054fc54b28dd5ca3bf64a3c9ef6.jpeg | https://i5.walmartimages.com/asr/5dd689b1-23aa-41b5-8fec-c8b4c1c547f3.7c2078df2c852b24d9e71c859cddd2ed.jpeg | https://i5.walmartimages.com/asr/1d6432bd-eb9f-4e01-a654-bc7a2ded6760.ad97691d4c08c35b23a130f902776e7b.jpeg | https://i5.walmartimages.com/asr/64c33fa2-f997-4886-b3bd-b634897c30a9.3339bad7411e81aa4d478c4ab87eb909.jpeg | https://i5.walmartimages.com/asr/23aa452e-a54c-4120-be12-163b9c5740bf.e0ec0be3fac0359a944e94df637520bd.jpeg | https://i5.walmartimages.com/asr/4b3bb062-ac43-4e5e-aad1-c06bfcdd97cf.5705e2831855c7f4414db1d410014ace.jpeg,"baby, health, safety, baby, bath, baby, shampoos, body, washes, johnson, gently, cleanse, babys, skin, hair, johnsons, cottontouch, newborn, baby, wash, shampoo, specially, formulated, gentle, newborns, sensitive, skin, nourishing, baby, wash, baby, shampoo, leaves, skin, hair, clean, touchably, soft, johnsons, tears, wont, irritate, babys, delicate, eyes, bath, time, light, velvety, texture, wash, rinses, easily, leaves, babys, hair, skin, feeling, clean, moisturized, johnsons, choice, hospitals, baby, wash, shampoo, ph, balanced, hypoallergenic, free, parabens, phthalates, sulfates, dyes, baby, bath, wash, blended, real, cotton, soft, newborns, skin, gently, washes, away, dirt, germs, safety, assurance, process, designed, meet, exceed, governmental, regulatory, cosmetic, standards, around, world, feel, good, using, cottontouch, newborn, baby, body, wash, shampoo, little, one, bottle, johnsons, cottontouch, newborn, baby, wash, shampoo, formula, blended, real, cotton, specially, designed, gentle, newborn, babys, sensitive, skin, bath, wash, ph, balanced, babys, sensitive, skin, hypoallergenic, free, parabens, phthalates, sulfates, light, velvety, lather, baby, bath, wash, leaves, skin, hair, clean, touchably, soft, baby, shampoo, body, wash, also, rinses, clean, leaves, residue, johnsons, tears, formula, gentle, eyes, pure, water, baby, wash, shampoo, gently, washes, away, dirt, germs, johnsons, 1, choice, hospitals, use, johnsons, cottontouch, baby, body, wash, shampoo, gentle, clean",4.8,4.654976198142415
"Oral-B 7000 Smartseries Electric Toothbrush, 3 Brush Heads, Black",1104.0,,https://i5.walmartimages.com/asr/c684ca52-d5f9-4c2b-9f49-6595021e0abd.ab5634ff53e4cb1898c94cf0c9a3d75f.jpeg | https://i5.walmartimages.com/asr/01304f87-4f2f-4837-846c-48027e4de8a2_1.60c5028aeecf2bc745d700e3dcaf1269.jpeg | https://i5.walmartimages.com/asr/a59ad10b-e4e3-45a1-809f-ededc06179d8.3e619e30125e6a8e67f8405dc6eaba07.jpeg | https://i5.walmartimages.com/asr/0e7e538d-ccc8-4bf6-94bb-c3c89cf04ea1.2fac9d4234f9ea4b87f67630090bffb2.jpeg | https://i5.walmartimages.com/asr/608835d8-7a07-40e2-b0a8-e827249fe144.70efd3afe15844a6653d5b02eb912686.jpeg | https://i5.walmartimages.com/asr/c096d91e-f153-485a-a5fa-dfed242b15f9.2f5838b2fc9709fb320606a27f8048fc.jpeg | https://i5.walmartimages.com/asr/30b9161a-27e8-4cd5-8128-ad480d40cbb2_1.3024c6064502d4f66c2a09b2af1d7c5e.jpeg | https://i5.walmartimages.com/asr/6bb5dc6f-1435-4054-9eba-0c6e2bfcbb5f_1.b03eda5b785fcce76ad7ac5f1cdb4b08.jpeg | https://i5.walmartimages.com/asr/53503790-6158-49ec-ac4d-e7c619b3e0cd_1.ac9463a92ed59581adfab83f97d5f1f3.jpeg | https://i5.walmartimages.com/asr/c63b48a6-4d7a-468d-ad86-306703aea96c.1a3b461330591a77f667529f1c00699a.jpeg | https://i5.walmartimages.com/asr/a5507f4c-ab2c-4a36-920b-92e5a51be0e3.d3675e91822ce81d7e29362ed7dac17f.jpeg | https://i5.walmartimages.com/asr/597f7610-13a5-43b4-8974-5e8f04baa918.ccfdb52ff7de48f332535fbd3127c1a9.jpeg | https://i5.walmartimages.com/asr/cd64a1c8-b7e9-4e67-ad7b-f2dbdc1c2bb4.01b7ad0ec8633e2a9972333db9ada708.jpeg,"seasonal, last, minute, gifts, , smartseries, black, 7000, bluetooth, technology, worlds, first, electric, toothbrush, kind, bluetooth, connectivity, bluetooth, communication, allows, brush, connect, smartphone, give, feedback, brushing, habits, professionally, inspired, design, crossaction, brush, head, surrounds, tooth, bristles, angled, 16, degrees, 3d, cleaning, action, oscillates, rotates, pulsates, break, remove, 500, plaque, regular, manual, toothbrush, rechargeable, handle, 6, modes, every, oral, care, need, daily, clean, gum, care, sensitive, whitening, deep, clean, tongue, cleaning, pressure, sensor, lights, brush, hard, prevent, harmful, 6, modes, timer, help, brush, 2, minutes, package, includes, 1, smartseries, handle, 1, crossaction, brush, head, 1, 3d, white, brush, head, 1, sensitive, brush, head, 1, premium, charger, refill, head, storage, 1, premium, travel, case, smart, guide, smartseries, handles, compatible, following, replacement, toothbrush, heads, crossaction, 3d, white, sensitive, clean, precision, clean, flossaction, deep, sweep, ortho, dual, precision, engineering, braun, dental, expertise, 1, brand, used, recommended, dentists, worldwide, 100, satisfaction, guaranteed, manufacturer, contact, information, customer, support, 800, 800, 7000, smartseries, electric, toothbrush, 3, brush, heads, powered, braun, black, bluetooth, communication, provides, real, time, feedback, brushing, habits, crossaction, round, brush, head, removes, 500, plaque, regular, manual, toothbrush, pressure, sensor, lights, brush, hard, rechargeable, 6, cleaning, modes, allow, brush, based, needs, compatible, brush, heads, every, oral, care, need, crossaction, flossaction, precision, clean, 3d, white, sensitive, gum, care, deep, sweep, dual, clean, 1, toothbrush, brand, worldwide, recommends, brushing, crest, toothpaste, optimal, results",4.8,4.649121683487223
Dove go fresh Beauty Bar Cucumber and Green Tea 3.75 oz 6 Bars,1096.0,dove,https://i5.walmartimages.com/asr/47014ff8-67d6-4051-8d4c-a2668f6d4784_1.6058fca031ea2ac995c5fb4958908be4.jpeg | https://i5.walmartimages.com/asr/4cf6c4aa-7554-4d01-9b63-de7df0fe6276_1.9c964ef6edf226f7d92292215a2ff2f1.jpeg | https://i5.walmartimages.com/asr/ff0be4f5-654d-4812-a6ad-02bb751d69f1_1.245b49ba64bb67e07f1b3fbda499a4d2.jpeg | https://i5.walmartimages.com/asr/294ad713-12e2-4662-a0a3-022081baaba6_2.a575241baaf14fd4db56eb0470f13d19.jpeg | https://i5.walmartimages.com/asr/2871efcf-cf6d-4806-827a-f51cf08cfd73_1.a973371cbb9a09fd4e16a3d19490d536.jpeg | https://i5.walmartimages.com/asr/97a3c680-6bd8-4e88-a5ce-2e6268f9aee8.60d461cb4e78cd5ed50f3cdc9741e5e6.jpeg | https://i5.walmartimages.com/asr/62e6783b-acd0-4473-b139-7f6f3f81f0d6.e2a48558108634137150fa74d9d5d67c.jpeg | https://i5.walmartimages.com/asr/766520c4-09b3-4336-b3eb-e60d3131da48_1.25e44548c5c23561e11f0db34de24c65.jpeg,"personal, care, bath, body, bar, soap, dove, dove, go, fresh, cucumber, green, tea, beauty, bar, combines, refreshing, scent, cucumber, green, tea, doves, gentle, cleansers, moisturizing, cream, dove, beauty, bar, proven, gentle, mild, skin, ordinary, bar, soap, used, hand, soap, mild, facial, cleanser, youre, also, fresh, face, refreshed, hands, throughout, day, try, adding, dove, beauty, bar, go, fresh, cucumber, green, tea, skin, care, routine, bar, soap, beauty, bar, light, hydrating, feel, refreshing, formula, effectively, nourishes, skin, refreshing, shower, need, start, day, right, doves, go, fresh, range, blends, nourishing, ingredients, light, fresh, scents, formula, thats, gentle, skin, whether, used, bar, soap, facial, cleanser, body, wash, hand, soap, dove, go, fresh, beauty, bars, give, feeling, hydrating, freshness, leaves, skin, feeling, blissfully, revived, unlike, using, harsh, bar, soap, best, results, hands, one, driest, parts, body, give, boost, lather, dove, beauty, bar, wet, hands, youve, covered, body, rich, lather, making, sure, avoid, contact, eyes, rinse, away, thoroughly, dove, vision, world, beauty, source, confidence, anxiety, mission, help, next, generation, women, develop, positive, relationship, way, look, helping, raise, realize, full, potential, dove, go, fresh, beauty, bar, cucumber, green, tea, oz, 6, bars, dove, go, fresh, cool, moisture, beauty, bar, combines, refreshing, scents, cucumber, green, tea, doves, mild, cleansers, revitalize, senses, skin, dove, beauty, bar, 1, dermatologist, recommended, beauty, bar, Â¼, moisturizing, cream, dove, beauty, bar, helps, skin, maintain, natural, moisture, barrier, keep, skin, hydrated, dove, beauty, bar, leaves, skin, feeling, softer, smoother, looking, radiant, compared, ordinary, bar, soap, formulated, mild, cleansers, dove, beauty, bar, doesnt, dry, skin, like, soap, bars, bar, soap, beauty, bar",4.8,4.648077768648649
"Bragg Organic Apple Cider Vinegar, Raw & Unfiltered, 32 Fl Oz",1032.0,bragg,https://i5.walmartimages.com/asr/cf6c78d0-542c-4bcf-8489-2869f06cb9f6_1.5ab621ec7a62cac0004a3179e74fa77b.jpeg | https://i5.walmartimages.com/asr/1a50f8a1-e691-4e97-9165-b29f41b2bf94_1.aa5bf405bc0a47ae2421038e78573559.jpeg,"food, condiments, sauces, spices, vinegar, bragg, bragg, organic, raw, unfiltered, apple, cider, vinegar, made, organically, grown, apples, contains, mother, home, organic, acids, enzymes, unpasteurized, organic, apple, cider, vinegar, mother, natural, prebiotic, made, usa, organic, certified, apples, apple, cider, vinegar, helps, support, healthy, immune, system, maintain, normal, glucose, levels, maintain, healthy, weight, contains, prebiotics, support, healthy, gut, health, wealth, bragg, daily, dose, wellness, bragg, organic, apple, cider, vinegar, mother, raw, unfiltered, 32, fluid, ounces, usda, certified, organic, verified, ksa, certified, kosher, made, mother, enzymes, unfiltered, raw, apple, cider, vinegar, formula, also, available, bragg, liquid, aminos, salad, dressings, apple, cider, vinegar, cleanse, visit, bragg, recipes, ways, use, bragg, products, health, greatest, wealth, turmeric, lime, tonic, vegan, ingredients, teaspoons, bragg, organic, apple, cider, vinegar, 1, shot, fresh, turmeric, juice, 1, tsp, dried, turmeric, 8, ounces, water, directions, add, teaspoons, bragg, organic, apple, cider, vinegar, 8oz, water, add, one, shot, fresh, turmeric, juice, 1, teaspoon, dried, turmeric, fresh, squeeze, lime, juice, mix, enjoy, vital, difference, diet, rich, organic, fruits, veggies, essential, vibrant, health, weve, known, practiced, promoted, fact, hundred, years, science, finally, catching, wisdom, help, live, vibrantly, every, day, rest, life, making, sure, every, product, offer, faithfully, delivers, proven, dose, wellness, weve, consistently, provided, customers, since, support, provide, guide, consumed, 30ml, 2, servings, per, day, bottle, bragg, organic, raw, apple, cider, vinegar, mother, supports, healthy, immune, system, helps, maintain, normal, glucose, levels, contains, prebiotics, support, healthy, gut, helps, maintain, healthy, weight, mix, 1, tablespoon, 8, ounces, water, daily, dose, wellness, consumed, 30ml, 2, servings, per, day, bragg, vingr, apl, cid",4.8,4.639175939574273
"Aveeno Protect + Hydrate Moisturizing Sunscreen Lotion with Broad Spectrum SPF 30 & Antioxidant Oat, Oil-Free, Sweat- & Water-Resistant Sun Protection, Travel-Size, 3 oz",2538.0,aveeno,https://i5.walmartimages.com/asr/3353e1b3-e9d6-412e-b4fd-a2a5478b74bb_1.fc55b50d082c39952b886d3d447b0b64.jpeg | https://i5.walmartimages.com/asr/1efb5379-666d-41c1-b957-c71c5cca43aa_1.3a6da7edf4f53e12fab82388687ec958.jpeg | https://i5.walmartimages.com/asr/bdf01d47-55a2-4580-9ed2-b7956e3ffd1e_1.160c2f818f301b50ea784c648c2fb225.jpeg | https://i5.walmartimages.com/asr/00e2a5da-f95c-4ea0-9e7e-33f4a3464b67_1.8173b4e7003af565dd07ea59c4d3482a.jpeg | https://i5.walmartimages.com/asr/22d89c45-19f5-4919-bb9f-a2f98ee2ea4a_1.34e481272b08bdfb9be03d5c62ec6e46.jpeg | https://i5.walmartimages.com/asr/08d90945-3604-4ac6-b28a-1d49df99147e_1.d43d9dfb089ca57b3ea6617d2219f314.jpeg | https://i5.walmartimages.com/asr/365203ee-2d87-4b64-9615-aca5b5efc551_1.95f79b1cc350b270d543dcb15f100c4e.jpeg,"personal, care, sun, care, sunscreen, aveeno, aveeno, protect, hydrate, sunscreen, lotion, broad, spectrum, spf, 30, provides, hydration, sun, protection, keep, skin, feeling, soft, smooth, healthier, going, sun, daily, sunscreen, lotion, contains, antioxidant, oat, delivers, broad, spectrum, uva, uvb, sun, protection, also, moisturizing, skin, designed, 80, minutes, hydrating, sunscreen, lotion, helps, protect, skin, sunburn, signs, premature, skin, aging, unique, formula, wont, clog, pores, sunscreen, recommended, skin, cancer, foundation, effective, broad, spectrum, sunscreen, available, convenient, tsa, size, tube, aveeno, protect, hydrate, sunscreen, lotion, broad, spectrum, spf, 30, brand, help, protect, moisturize, skin, made, antioxidant, oat, daily, sunscreen, lotion, protects, moisturizes, nourishes, skin, help, keep, feeling, soft, healthier, went, sun, available, tsa, size, provides, uva, uvb, sun, protection, help, prevent, sunburn, signs, premature, skin, aging, unique, formula, hydrating, sunscreen, wont, clog, pores, 80, minutes, sunscreen, lotion, recommended, skin, cancer, foundation, effective, broad, spectrum, sunscreen",4.7,4.634711794477052
Dove Men+Care 2 in 1 Shampoo and Conditioner Fresh and Clean 20.4 oz 2 Count,2319.0,dove,https://i5.walmartimages.com/asr/7fc18243-ee1c-42b6-a105-0eccb65d3bde_1.e9b4bd9adae24d2187ab9d4673d16549.jpeg | https://i5.walmartimages.com/asr/686b3a2e-03d6-4308-8d99-40f17c74d015_1.60063fb67c28a8b96d1122fbdf9509aa.jpeg | https://i5.walmartimages.com/asr/488891d5-8021-49dc-841d-359b03d222b2_1.ec44b3dd301599891f3200f4aa8da148.png,"beauty, hair, care, shampoo, dove, shampoo, dove, dove, men, care, fortifying, shampoo, conditioners, make, hair, stronger, resilient, men, pursue, active, lifestyles, dove, men, care, fresh, clean, fortifying, shampoo, conditioner, designed, specifically, men, want, fresh, clean, hair, deeply, cleans, invigorates, hair, refreshing, effect, infused, caffeine, menthol, helps, strengthen, hair, leaving, visibly, healthy, thicker, resilient, dual, formula, functions, shampoo, conditioner, cleanses, conditions, hair, simultaneously, keep, mens, active, lifestyles, everyday, activities, weaken, hair, making, prone, hair, fall, breakage, available, following, sizes, 12, oz, oz, 40, oz, 3, oz, great, hair, care, doesnt, stop, shower, complete, hair, care, regimen, get, perfect, look, dove, men, care, sculpting, paste, natural, look, defining, pomade, sleek, polished, finish, control, gel, hold, use, entire, line, dove, men, care, products, perfect, grooming, regimen, dove, men, care, extra, fresh, body, wash, dove, men, care, dry, spray, antiperspirant, dove, fresh, clean, fortifying, shampoo, conditioner, designed, specifically, men, fine, thinning, hair, concerned, hair, loss, deeply, cleans, invigorates, hair, refreshing, effect, caffeine, menthol, help, strengthen, hair, leaving, visibly, healthy, thicker, resilient, available, oz, 12, oz, oz, 40, oz, goes, well, dove, defining, pomade, dove, extra, fresh, body, wash, dove, dry, spray, antiperspirant, learn",4.7,4.628702288536303
Weber Q-1200 Portable Gas Grill,2237.0,weber,https://i5.walmartimages.com/asr/3a88232e-7a8e-488d-b978-e7d24f69cccc_1.aaae2bb97ba30b6abf9590c2a25cfdd1.jpeg | https://i5.walmartimages.com/asr/2b05e09c-f261-4a37-88ab-516f1d6519f5_1.1beb80f5baf63a4b331aa00f6bf30152.jpeg | https://i5.walmartimages.com/asr/9b0106b2-cf86-456e-bb73-6ea7c1fea807_1.04d56a4d25a7783a888d03b724b7c462.jpeg | https://i5.walmartimages.com/asr/8582dfd5-9bc4-4594-bcd4-c753df9177ea_1.83fe11d16fe33f4c88062044b43409a4.jpeg | https://i5.walmartimages.com/asr/0703b5cd-fa8c-4dd8-9c32-57983408d094_1.2d50ee03ccf7ae0a2786cc2cc52f2d09.jpeg | https://i5.walmartimages.com/asr/1fc2eefd-5ef9-453c-b3a3-3b1dc43828fd_1.ddebb8cd50065ad218f5d3f1598974bb.jpeg | https://i5.walmartimages.com/asr/536fd5d8-f5aa-42bb-ad5c-72ecbb9452f0_1.4ee4d7503fe2d666686a21067e772a20.jpeg | https://i5.walmartimages.com/asr/de7ce289-db82-42c2-b945-1d317c74bcc1_1.e0061ef6a835c499a33ae101b837010c.jpeg | https://i5.walmartimages.com/asr/4ee1a6e4-a18f-4877-b243-af8baeef5128_1.8d2e6c85ed8295a96f3778f8bf13a7cc.jpeg | https://i5.walmartimages.com/asr/a7462fdd-d88c-48d7-9641-526952f0cd31_1.959c2ea4237a364e16faf6b3bb0a4502.jpeg | https://i5.walmartimages.com/asr/f62fa78e-b609-40e4-b8af-91b07241725b_1.e52e562ef054df67438a17b144539574.jpeg | https://i5.walmartimages.com/asr/27849b8e-d700-4405-ba48-c16872d429e3_1.dcbd5cd5138aec6b9faeee4204e524a6.jpeg | https://i5.walmartimages.com/asr/efea3d0c-e571-469d-b484-2eb07142d122_1.0bafb7d4ba5696c521dca20b8785b753.jpeg | https://i5.walmartimages.com/asr/d128f523-e093-494d-a25e-352193f505fc_1.000c1c218aa9b1d2c0827c385af00849.jpeg | https://i5.walmartimages.com/asr/17aea7da-b748-4f09-afd6-987d8e8e9aa8_1.114bf3f3e7756a55d5cd8ba2a395efc4.jpeg | https://i5.walmartimages.com/asr/0d449881-8c63-4cc1-9119-cc8fbb7729b8_1.bb2c2f20d195801cf51a53a51ba33023.jpeg | https://i5.walmartimages.com/asr/2ba0457c-c966-4d0d-aee8-3bdec08afeff_2.3211b5f5e6d1a41e8b9f1087ea21045c.jpeg | https://i5.walmartimages.com/asr/f2469ca0-2045-45d9-a7b3-57b225e0ecab_1.8966cdc40084deb5c520d3bc61798d29.jpeg,"patio, garden, grills, outdoor, cooking, grills, portable, grills, portable, gas, grills, weber, grill, style, year, sleek, weber, q, 1200, gas, grill, compact, portable, design, makes, ideal, grill, tailgating, picnics, lunch, park, model, total, cooking, area, 189, sq, cooking, grates, burgers, hot, dogs, steaks, features, higher, dome, lid, increase, cooking, versatility, allows, prepare, small, roasts, whole, chickens, removable, catch, pan, lets, quickly, retrieve, discard, food, items, may, slipped, grates, weber, portable, gas, grill, lid, thermometer, allows, monitor, heat, without, opening, top, also, equipped, reliable, electronic, ignition, well, adjustable, infinite, control, burner, valve, sturdy, folding, work, tables, side, unit, provide, dedicated, areas, prep, black, gas, grill, weber, cast, aluminum, lid, body, nylon, frame, comes, handy, owners, guide, grilling, guide, weber, q, 1200, portable, gas, grill, black, total, cooking, area, 189, sq, stainless, steel, burner, input, main, burner, cooking, grates, electronic, ignition, infinite, control, burner, valve, cast, aluminum, lid, body, nylon, frame, 2, folding, work, tables, removable, catch, pan, lid, thermometer, uses, disposable, lp, cylinder, sold, separately, includes, owners, guide, grilling, guide, weber, portable, gas, grill, color, black, backed, limited, warranty, weber, q, 1200, gas, grill, model, 51010001",4.7,4.62615732723909
Weber Q-1200 Portable Gas Grill,2237.0,weber,https://i5.walmartimages.com/asr/40b70a29-a73e-45e7-b724-fb48ea094cbb_1.34f66ee1e41ac4fe7f1fe4b747e592a3.jpeg | https://i5.walmartimages.com/asr/45cf0a30-c3cc-451a-a360-1896c9218a13_1.478a2469d11a7c37a11736be0f07fa88.jpeg | https://i5.walmartimages.com/asr/53c1a0ca-c97d-4749-816a-86cda2224016_1.dcbd5cd5138aec6b9faeee4204e524a6.jpeg | https://i5.walmartimages.com/asr/154194e3-4a58-4169-939e-9db2911331ce_1.8d2e6c85ed8295a96f3778f8bf13a7cc.jpeg | https://i5.walmartimages.com/asr/3f185136-aeaf-44cb-8922-7708ba726498_1.2d50ee03ccf7ae0a2786cc2cc52f2d09.jpeg | https://i5.walmartimages.com/asr/734ad3bd-3e9f-41fd-9ed2-c52c4963224d_1.4ee4d7503fe2d666686a21067e772a20.jpeg | https://i5.walmartimages.com/asr/fefae707-c8af-4667-8864-726cfef8a1ce_1.ddebb8cd50065ad218f5d3f1598974bb.jpeg | https://i5.walmartimages.com/asr/d4962df7-2079-4ebc-ac51-3ce297ca36b0_1.83fe11d16fe33f4c88062044b43409a4.jpeg | https://i5.walmartimages.com/asr/4c4b8c8d-f4a5-45a4-b185-837386d12282_1.114bf3f3e7756a55d5cd8ba2a395efc4.jpeg | https://i5.walmartimages.com/asr/6734d18d-7422-476b-bd25-7be5d722757d_1.c07a93cfde5a84663998a548064ba1db.jpeg | https://i5.walmartimages.com/asr/9d329a4f-5d93-45b3-a24b-ed5a94d7ca58_1.e0061ef6a835c499a33ae101b837010c.jpeg | https://i5.walmartimages.com/asr/ee9ade5b-c087-449f-974d-49490aa122ce_1.bb2c2f20d195801cf51a53a51ba33023.jpeg | https://i5.walmartimages.com/asr/f72db2a2-8a88-4ff5-804d-3fe8bee6e0ea_1.bd549ea95101483a8ceba5859f9b32c6.jpeg | https://i5.walmartimages.com/asr/5e98bd0f-a102-45bf-81c7-95342f0882fe_1.04d56a4d25a7783a888d03b724b7c462.jpeg | https://i5.walmartimages.com/asr/c1aa59f4-161d-4bcc-b917-16eb5aee43da_1.8966cdc40084deb5c520d3bc61798d29.jpeg | https://i5.walmartimages.com/asr/05ca23c3-b000-474e-8aaf-c43da96ec034_1.0bafb7d4ba5696c521dca20b8785b753.jpeg | https://i5.walmartimages.com/asr/f938d05b-7494-4f6d-aade-f776147adcad_1.959c2ea4237a364e16faf6b3bb0a4502.jpeg,"patio, garden, grills, outdoor, cooking, grills, portable, grills, portable, gas, grills, weber, grill, style, year, sleek, weber, q, 1200, gas, grill, compact, portable, design, makes, ideal, grill, tailgating, picnics, lunch, park, model, total, cooking, area, 189, sq, cooking, grates, burgers, hot, dogs, steaks, features, higher, dome, lid, increase, cooking, versatility, allows, prepare, small, roasts, whole, chickens, removable, catch, pan, lets, quickly, retrieve, discard, food, items, may, slipped, grates, weber, portable, gas, grill, lid, thermometer, allows, monitor, heat, without, opening, top, also, equipped, reliable, electronic, ignition, well, adjustable, infinite, control, burner, valve, sturdy, folding, work, tables, side, unit, provide, dedicated, areas, prep, service, weber, q, 1200, portable, gas, grill, black, total, cooking, area, 189, sq, stainless, steel, burner, input, main, burner, cooking, grates, electronic, ignition, infinite, control, burner, valve, cast, aluminum, lid, body, nylon, frame, 2, folding, work, tables, removable, catch, pan, lid, thermometer, uses, disposable, lp, cylinder, sold, separately, includes, owners, guide, grilling, guide, weber, portable, gas, grill, color, black, backed, limited, warranty, weber, q, 1200, gas, grill, model, 51010001",4.7,4.62615732723909
Garnier Fructis Style Sheer Set Breathable Hold Hairspray 9.5 OZ,2186.0,garnier,https://i5.walmartimages.com/asr/06a649f8-cfe1-4a2c-ab0f-a96f877da149_1.57261060fa50d4aac921fcc1eb8bff61.jpeg | https://i5.walmartimages.com/asr/a790cd52-3891-4f21-abe7-447ad4126d25_1.11e14a8ef7597171c7a6a35d3c4ff234.jpeg | https://i5.walmartimages.com/asr/7cf46cd6-bc60-4e30-9702-adacd0291cdd_1.c3d20d9f05e9d6a71c130a019e711a82.jpeg,"beauty, beauty, top, brands, beauty, forward, garnier, garnier, fructis, style, sheer, set, breathable, hold, hairspray, oz, wish, could, hold, style, without, masking, crunchy, stiffness, garnier, fructis, style, sheer, set, breathable, hold, hairspray, hairspray, provides, 48, hour, ultra, strong, hold, invisible, lightweight, touchable, finish, style, stays, true, work, combines, plant, resins, providing, strong, yet, breathable, hold, diffusion, ensures, weightless, natural, finish, ultra, strong, hold, hairsprays, humidity, resistant, properties, provide, ultimate, lasting, control, letting, show, style, nonstop, light, sparkling, fruit, fragrance, leave, hair, smelling, fresh, vibrant, get, inspired, use, garnier, fructis, style, product, sheer, set, breathable, hold, hairspray, create, control, style, looks, tips, fun, visit, style, hub, breathable, hold, hairspray, offers, 48, hour, ultra, strong, hold, invisible, touchable, finish, formula, contains, plant, resins, diffusion, ensures, weightless, natural, finish, without, crunchy, stiffness, light, sparkling, fruit, fragrance",4.7,4.624480765720645
"Gain Original 150 Loads, Powder Laundry Detergent, 172 oz",919.0,gain,https://i5.walmartimages.com/asr/b6d9d600-56d1-4e02-9c66-2785ad897aee.f0bc369ed2dcd6a7301875680e4b482e.jpeg | https://i5.walmartimages.com/asr/72a6e4f3-294f-4b03-967a-34a52d4281c5.4565e5335cbd14cbb7990df9f073fbf3.jpeg | https://i5.walmartimages.com/asr/eb19d513-01b0-4fd3-8b56-0a97c592066c.98e710aaa64d9f4cacefd6e1163acccd.jpeg | https://i5.walmartimages.com/asr/ba053584-811c-4647-a9d7-8bdcf10a2ddd.c2bc8ba6d71ec268f69288c218a15d9e.jpeg | https://i5.walmartimages.com/asr/d1ab2809-7a6b-4750-9c9c-6a3650bef496.3ab8675bdc4eedc3b0a92446fd420724.jpeg | https://i5.walmartimages.com/asr/09cc3316-1c0b-4ba0-81bf-c0d22b7a940d.0bd5c12b772cf5afcf2f96547f689a6d.jpeg,"household, essentials, laundry, liquid, laundry, detergent, gain, liquid, laundry, detergent, gain, cool, crisp, aroma, started, one, whiff, clothing, washed, powder, laundry, detergent, never, enough, say, sniff, away, gain, original, powder, laundry, detergent, provides, clothes, brilliant, clean, lasting, freshness, giving, six, scentful, weeks, wash, wear, safe, use, regular, high, efficiency, washers, beloved, detergent, contains, intelligent, scent, capsules, release, regular, wear, steady, stream, freshness, day, long, ultimate, gain, experience, pair, matching, scent, gain, fabric, softener, gain, fireworks, scent, beads, gain, original, 150, loads, powder, laundry, detergent, 172, oz, powder, laundry, detergent, brilliant, cleaning, performance, leaves, behind, refreshing, gain, original, scent, 6, weeks, freshness, wash, wear, regular, washer, compatible, like, household, detergent, keep, away, children",4.8,4.620617738064845
"Vaseline Intensive Care Aloe Soothe Spray Lotion, 6.5 oz",2069.0,vaseline,https://i5.walmartimages.com/asr/9e1c19e0-1fb1-4acc-bdd0-7032a0f2103e_1.ac0c7aad46fc271c7ad838e797899a05.jpeg | https://i5.walmartimages.com/asr/965e7fd6-49f6-4c97-8b8e-5109ff619891_1.7b95c479d8b70f0b7f59fbbd56da54e6.jpeg | https://i5.walmartimages.com/asr/528bf626-27ba-4684-b1ec-575c409d9ce0_1.7a79609820f4b25a33c691271c180ff6.jpeg | https://i5.walmartimages.com/asr/e55f9414-4f27-4059-a476-8c08c71642b7_1.f55ffdb66397fd08afa92102e5830a2d.jpeg | https://i5.walmartimages.com/asr/45f64d6f-72df-4044-8949-b111b159183b_1.7d01cdc16d993ed6593dc31886ee9cde.jpeg | https://i5.walmartimages.com/asr/15b36eaa-e779-4024-8ed6-63e1103b680d_1.00c717478547063d488baefaf53c9b33.jpeg | https://i5.walmartimages.com/asr/fd546f8a-eeaf-4476-95e0-e3580aef1b9d_1.1555166cee88b4f548435b49946bc79a.jpeg | https://i5.walmartimages.com/asr/7fa52d44-df26-40ae-b7d9-db220bbce3bb_1.7078bf11b311e8c0ed4e0ae42898e6f2.jpeg | https://i5.walmartimages.com/asr/468103df-1cfc-4288-acaf-4cf8df404b21_1.332f990abcb2b57e7222c02b35301658.jpeg | https://i5.walmartimages.com/asr/ff37f11f-f63e-424c-b392-6d9c4ed062ad_1.76d5dff94e8ed731fbc12771b4257307.jpeg,"personal, care, bath, body, body, lotions, creams, vaseline, got, dry, skin, lead, busy, lifestyle, vaseline, intensive, care, aloe, soothe, spray, lotion, quick, convenient, spray, lotion, moisturizer, absorbs, seconds, help, heal, dry, skin, caring, dry, sensitive, skin, easier, spray, lotions, moisturization, vaseline, intensive, care, aloe, soothe, spray, moisturizer, contains, glycerin, vaseline, jelly, pull, water, skin, lock, moisture, apply, lotion, showering, whenever, skin, feels, dry, moisturization, gives, instantly, softer, skin, spray, body, lotion, time, saving, moisturization, vaseline, intensive, care, aloe, soothe, spray, moisturizer, part, range, vaseline, intensive, care, spray, body, lotions, designed, women, pressed, time, still, want, effective, moisturization, vaseline, spray, go, lotions, designed, easy, application, even, coverage, unique, formula, absorbs, quickly, help, heal, dry, skin, shower, lotion, spray, like, vaseline, intensive, care, aloe, soothe, body, lotion, spray, best, maximum, moisturization, limited, time, spray, formula, rub, skin, done, dermatologically, tested, suitable, sensitive, skin, vaseline, intensive, care, aloe, soothe, spray, lotion, oz, vaseline, intensive, care, aloe, soothe, spray, lotion, light, easy, apply, vaseline, spray, moisturizer, formula, leave, skin, soft, fresh, vaseline, jelly, lotion, spray, moisturizes, absorbs, seconds, help, heal, dry, skin, continuous, spray, lotion, dispenses, evenly, coverage, utilize, spray, moisturizer, instantly, softer, skin, showering, whenever, skin, feels, dry, vaseline, spray, body, lotion, suitable, dry, skin",4.7,4.6203310649289655
(6 Pack) Aquaphor Lip Repair .35 fl. oz. Carded Pack,1710.0,aquaphor,https://i5.walmartimages.com/asr/fa94456c-3dff-44df-a15f-ea7fa76b71f2_1.f1ba14865076677ab7de16b73af4999e.jpeg | https://i5.walmartimages.com/asr/ff7a4a31-a324-4aa8-9148-25f371950d92_1.be995c9498b40c0aed11ca32e1ed1110.jpeg,"health, lip, care, aquaphor, aquaphor, enjoy, soothing, relief, aquaphor, lip, repair, container, comes, lip, care, brand, formulated, nourishing, vitamins, shea, butter, soothing, chamomile, essence, soft, luscious, lips, aquaphor, lip, repair, immediate, relief, preservative, proven, relieve, dryness, soothe, chapped, cracked, lips, designed, seal, moisture, even, specially, formulated, use, sensitive, lips, dry, lip, repair, available, conveniently, sized, container, easily, fit, purse, pocket, use, small, applicator, tip, works, well, everyday, use, ideal, use, arid, cold, environments, aquaphor, lip, repair, oz, 1, lip, care, brand, proven, relieve, dryness, soothe, chapped, cracked, lips, seals, moisture, formulated, nourishing, vitamins, shea, butter, chamomile, essence, soft, lips, specially, formulated, sensitive, lips, easily, fit, purse, pocket, use, applicator, tip, convenience, ideal, use, dry, cold, environments, works, well, everyday, use, dry, lip, repair, available, oz, tube",4.7,4.604174506425646
"Listerine Original Antiseptic Mouthwash for Bad Breath, 1.5 L",767.0,listerine,https://i5.walmartimages.com/asr/6eaa55f0-acc6-4950-a963-36c38cde76fa_1.1a505ede8556d727d28011cd332d1e69.jpeg | https://i5.walmartimages.com/asr/357666de-b256-4a6f-9d19-3aad5d364507.2f4102a44cc1934ae706c6c2cf9ecb1b.jpeg | https://i5.walmartimages.com/asr/d91272ad-b01e-4c6f-aa26-d209a80a19b4.2e8ccea6dc029af6f573fde528b3e7d1.jpeg | https://i5.walmartimages.com/asr/9ac24147-c936-4001-ad27-4b8e1ee7a749.8b1eb99bcbb736f3f771ccfdc80bd728.jpeg | https://i5.walmartimages.com/asr/e97c0f3b-5045-429a-ac10-29101d787ed4.30d52bf4d120cfe77ab46a905ddf6448.jpeg | https://i5.walmartimages.com/asr/d1f4af8e-dfc5-4fdd-8691-f42de9432226.0171828b8d3d8df16d8b973a5b7b7803.jpeg | https://i5.walmartimages.com/asr/0392148c-c112-478e-991b-76101aeebb4c.503652e1e5a7a815a133c281ff0b1b7e.jpeg | https://i5.walmartimages.com/asr/e00da43d-c7c1-4b27-9323-154d119f7fca.2976e49824b2995f969de60890b4c525.jpeg | https://i5.walmartimages.com/asr/35a5bf15-ac29-408f-99b5-13569da0f810.59594406c6e0d533a5c8db97ce10d509.jpeg | https://i5.walmartimages.com/asr/6661e3a9-63a5-4abb-ad28-30ae1bbfd4aa.36433986be64cc6efa1b75f1e83a7510.jpeg | https://i5.walmartimages.com/asr/420835ac-cb29-4c79-80df-944cc7a1554d.808752f7bc117ec40f6e81da7f3a1ae4.jpeg | https://i5.walmartimages.com/asr/f2ed446d-d7fb-4aaf-84c5-4946d7c60d14.60fba22b470b27dccc41bb27dba8e771.jpeg | https://i5.walmartimages.com/asr/173b1b09-b3fb-49b9-a25a-7055458608ed.b4cc2589a3121c6a52956c4563a8422a.jpeg | https://i5.walmartimages.com/asr/65a03378-ef36-4c0f-bba8-0e147e31800b.9e84dc9d60570d39041fdf0742674230.jpeg | https://i5.walmartimages.com/asr/441f5865-b1a9-4bd6-bca8-63ddebb28bff.2230dbaa88ba5e84aaed5beeda7ecf7e.jpeg | https://i5.walmartimages.com/asr/a2108261-43e8-47bf-9c9f-5956ad5c9c96_1.ec520730b196956f2a9d1f7d66a4f404.jpeg,"personal, care, personal, care, brand, listerine, listerine, protect, mouth, germs, get, fresh, breath, listerine, original, antiseptic, mouthwash, accepted, american, dental, association, ada, mouthwash, bad, breath, clinically, shown, reduce, plaque, 52, percent, reduce, gingivitis, 21, percent, brushing, flossing, alone, adding, rinse, mouthwash, morning, evening, oral, hygiene, routines, takes, get, germ, protection, cause, bad, breath, plaque, gingivitis, listerine, original, antiseptic, mouthwash, leaves, mouth, feeling, intensely, clean, used, part, regular, oral, hygiene, routine, bottle, listerine, antiseptic, oral, care, mouthwash, original, flavor, deeper, clean, oral, care, formula, clinically, proven, kill, germs, cause, bad, breath, plaque, gingivitis, mouthwash, accepted, american, dental, association, ada, safe, effective, oral, care, use, antiseptic, mouthwash, bad, breath, refreshing, flavor, offers, protection, germs, twice, daily, use, clinically, shown, reduce, plaque, gingivitis, brushing, flossing, alone, get, benefits, rinsing, full, strength, 30, seconds, morning, night, infused, intense, original, flavor, use, mouthwash, deeper, clean, fresher, breath, mouthwash, 1, dentist, recommended, brand, counter, mouthwashes",4.8,4.587657805983681
